symboling,normalized-losses,car-name,fuel-type,aspiration,num-of-doors,body-style,drive-wheels,engine-location,wheel-base,length,width,height,curb-weight,engine-type,num-of-cylinders,engine-size,fuel-system,bore,stroke,compression-ratio,horsepower,peak-rpm,city-mpg,highway-mpg,price
3,122.0,0,1,0,1,0,2,0,-1.7014362316580525,-0.44071943167904987,-0.8571535170171514,-2.0605850604987586,-0.014894747745822022,0,2,0.07557843234555549,5,0.5226027504521822,-1.8502389764672613,-0.29222437365766246,0.20452525443644634,-0.24722134674411195,-0.6545741597256339,-0.5440418656572262,9.711176264112805
1,122.0,0,1,0,1,2,2,0,-0.7218818047667064,-0.245854539263848,-0.18973698541313824,-0.5744373658587666,0.5167153275430936,4,3,0.605108850053269,5,-2.4263699128137004,0.670579352755713,-0.29222437365766246,1.3554360384892596,-0.24722134674411195,-0.9662761405473643,-0.6908817754162617,9.711176264112805
2,164.0,1,1,0,0,3,1,0,0.15805691769500996,0.1925914686703608,0.1439712803888683,0.20991836186789503,-0.4227846600584082,2,2,-0.4298824209208983,5,-0.5226027504521822,0.44721570333089167,-0.042481297290119055,-0.036363049202514576,0.7987151202502093,-0.18702118849303817,-0.10352213638011977,9.543306469268108
2,164.0,1,1,0,0,3,0,0,0.09164644807525917,0.1925914686703608,0.23931649918944256,0.20991836186789503,0.5186484550895988,2,1,0.2199958189931137,5,-0.5226027504521822,0.44721570333089167,-0.5419674500252059,0.311586722720429,0.7987151202502093,-1.1221271309582297,-1.2782414144524037,9.767152232578871
2,122.0,1,1,0,1,3,1,0,0.15805691769500996,0.24942706229146328,0.19164388978915203,-0.2854642030121004,-0.09415297715253308,2,1,0.2199958189931137,5,-0.5226027504521822,0.44721570333089167,-0.41709591184143413,0.17775988736545068,0.7987151202502093,-0.9662761405473643,-0.8377216851752972,9.632400353656184
1,158.0,1,1,0,0,3,1,0,1.1542139619912932,1.4998101219556852,2.6229469692037655,0.7878646875612274,0.5573110060197017,2,1,0.2199958189931137,5,-0.5226027504521822,0.44721570333089167,-0.41709591184143413,0.17775988736545068,0.7987151202502093,-0.9662761405473643,-0.8377216851752972,9.781941194456632
1,122.0,1,1,0,0,4,1,0,1.1542139619912932,1.4998101219556852,2.6229469692037655,0.7878646875612274,0.769955036135268,2,1,0.2199958189931137,5,-0.5226027504521822,0.44721570333089167,-0.41709591184143413,0.17775988736545068,0.7987151202502093,-0.9662761405473643,-0.8377216851752972,9.84802769533176
1,158.0,1,1,1,0,3,1,0,1.1542139619912932,1.4998101219556852,2.6229469692037655,0.8704284483745586,1.0251278722739474,2,1,0.09964799678681519,5,-0.7465753577888317,0.44721570333089167,-0.46704452711494265,0.9807208994953204,0.7987151202502093,-1.2779781213690948,-1.5719212339704747,10.080629049288541
2,192.0,2,1,0,1,3,2,0,0.39049356136414365,0.20883020970496252,-0.5234452512151448,0.20991836186789503,-0.31066326236110964,2,2,-0.45395198536215803,5,0.634589054120506,-1.4673298631675702,-0.34217298893117093,-0.06312841627351023,1.426277000446802,-0.3428721789039034,-0.25036204613915525,9.706925073451831
0,192.0,2,1,0,0,3,2,0,0.39049356136414365,0.20883020970496252,-0.5234452512151448,0.20991836186789503,-0.31066326236110964,2,2,-0.45395198536215803,5,0.634589054120506,-1.4673298631675702,-0.34217298893117093,-0.06312841627351023,1.426277000446802,-0.3428721789039034,-0.25036204613915525,9.736606180230051
0,188.0,2,1,0,1,3,2,0,0.39049356136414365,0.20883020970496252,-0.5234452512151448,0.20991836186789503,0.2982719147880119,2,3,0.8939436233483854,5,-0.07465753577888316,-0.22287524494356978,-0.29222437365766246,0.4721789251464029,-1.8161260472355938,-0.6545741597256339,-0.39720195589819074,9.950895809931119
0,188.0,2,1,0,0,3,2,0,0.39049356136414365,0.20883020970496252,-0.5234452512151448,0.20991836186789503,0.404593929845795,2,3,0.8939436233483854,5,-0.07465753577888316,-0.22287524494356978,-0.29222437365766246,0.4721789251464029,-1.8161260472355938,-0.6545741597256339,-0.39720195589819074,9.957312639231036
1,122.0,2,1,0,0,3,2,0,0.7723537616777184,1.1993934128155805,0.4776795461908748,0.7878646875612274,0.9652009183322878,2,3,0.8939436233483854,5,-0.07465753577888316,-0.22287524494356978,-0.29222437365766246,0.4721789251464029,-1.8161260472355938,-0.8104251501364991,-0.8377216851752972,10.10911865209904
0,122.0,2,1,0,0,3,2,0,0.7723537616777184,1.1993934128155805,0.4776795461908748,0.7878646875612274,1.3034982389706886,2,3,1.977074023205072,5,1.082534268793805,0.41530661055591794,-0.5419674500252059,2.1048663164771377,0.5895278268513451,-1.43382911177996,-1.2782414144524037,10.334002932844076
2,121.0,3,1,0,1,2,1,0,-1.7346414664679266,-2.6897850649711943,-2.6687126742280354,-0.24418232260543338,-2.0640099470412787,1,4,-1.5852215141013641,1,-1.5678082513565448,-0.7334207293431599,-0.16735283547389074,-1.48169287103628,-0.0380340533452477,3.397551590956862,3.2737957880776962,8.54714026778419
1,98.0,3,1,0,1,2,1,0,-0.7218818047667064,-1.4881182284107703,-1.0955165640185802,-0.7395648874854317,-1.3178227140902916,2,2,-0.8872041453048327,1,-1.1198630366832474,-0.47814798714336487,-0.1423785278371365,-0.8928547954743756,0.5895278268513451,1.9948926772590752,1.8053966904873415,8.74766979009724
0,81.0,3,1,0,0,3,1,0,-0.7218818047667064,-1.2526564834090654,-1.0955165640185802,-0.7395648874854317,-1.2501632499626114,2,2,-0.8872041453048327,1,-1.1198630366832474,-0.47814798714336487,-0.1423785278371365,-0.8928547954743756,0.5895278268513451,1.9948926772590752,1.8053966904873415,8.791181936736017
1,118.0,4,1,0,1,2,1,0,-0.8547027440062103,-1.3744470411685676,-1.0001713452180094,-1.23494745236543,-1.3139564589972812,2,2,-0.8872041453048327,1,-1.3438356440198953,-0.09523887384367222,-0.18982971234696963,-0.9463855296163669,0.7987151202502093,1.83904168684821,1.5117168709692705,8.625688787569537
1,118.0,4,1,0,1,2,1,0,-0.8547027440062103,-1.3744470411685676,-1.0001713452180094,-1.23494745236543,-1.3139564589972812,2,2,-0.8872041453048327,1,-1.3438356440198953,-0.09523887384367222,-0.192327143110645,-0.9463855296163669,0.7987151202502093,0.9039357443830185,1.0711971416921642,8.760609847570002
1,118.0,4,1,1,1,2,1,0,-0.8547027440062103,-1.3744470411685676,-1.0001713452180094,-1.23494745236543,-0.8268083172779841,2,2,-0.694647629774755,5,-1.1198630366832474,0.41530661055591794,-0.6418646805722232,-0.036363049202514576,0.7987151202502093,-0.18702118849303817,-0.10352213638011977,8.981932990986873
1,148.0,4,1,0,0,2,1,0,-0.8547027440062103,-1.3744470411685676,-1.0001713452180094,-1.3175112131787612,-1.1380418522653128,2,2,-0.8872041453048327,1,-1.3438356440198953,-0.09523887384367222,-0.192327143110645,-0.9463855296163669,0.7987151202502093,0.9039357443830185,1.0711971416921642,8.737131611781498
1,148.0,4,1,0,0,3,1,0,-0.8547027440062103,-1.3744470411685676,-1.0001713452180094,-1.3175112131787612,-1.0955130462421996,2,2,-0.8872041453048327,1,-1.3438356440198953,-0.09523887384367222,-0.192327143110645,-0.9463855296163669,0.7987151202502093,0.9039357443830185,1.0711971416921642,8.808817483100642
1,148.0,4,1,0,0,3,1,0,-0.8547027440062103,-1.3744470411685676,-1.0001713452180094,-1.3175112131787612,-1.0955130462421996,2,2,-0.8872041453048327,1,-1.3438356440198953,-0.09523887384367222,-0.192327143110645,-0.9463855296163669,0.7987151202502093,0.9039357443830185,1.0711971416921642,8.937218450855731
1,148.0,4,1,1,0,3,1,0,-0.8547027440062103,-1.3744470411685676,-1.0001713452180094,-1.3175112131787612,-0.7050212818481597,2,2,-0.694647629774755,5,-1.1198630366832474,0.41530661055591794,-0.6418646805722232,-0.036363049202514576,0.7987151202502093,-0.18702118849303817,-0.10352213638011977,9.05473863988161
-1,110.0,4,1,0,0,4,1,0,0.7391485268678418,0.03020405832435772,-0.6187904700157191,2.4804217842345486,-0.04002540585038894,2,2,-0.11697808318452216,1,0.03732876788944075,0.638670259980738,-0.41709591184143413,-0.41107818819645375,-0.24722134674411195,-0.18702118849303817,-0.10352213638011977,9.09627541568821
3,145.0,4,1,1,1,2,1,0,-0.4894451610975727,-0.08346712891784491,0.19164388978915203,-1.4826387348054264,0.49351779698503184,2,2,0.7013871078183078,4,1.0078767330149219,2.0426703420796097,-0.7917105263927492,1.1145477348502986,-0.24722134674411195,-0.9662761405473643,-0.9845615949343327,9.470008697972764
2,137.0,5,1,0,1,2,1,0,-2.0334885797568134,-2.4056070968656886,-0.9524987358177223,-1.23494745236543,-1.6290562490776204,2,2,-0.8390650164223133,0,-1.5678082513565448,0.4791247961058667,-0.1423785278371365,-1.2140392003263234,-0.6655959335418404,3.709253571778593,3.420635697836732,8.776475789346321
2,137.0,5,1,0,1,2,1,0,-2.0334885797568134,-2.4056070968656886,-0.9524987358177223,-1.23494745236543,-1.4241447291480747,2,2,-0.8390650164223133,0,-1.5678082513565448,0.4791247961058667,-0.24227575838415394,-0.7322625930484017,1.8446515872445306,0.9039357443830185,1.0711971416921642,8.832879460277615
1,101.0,5,1,0,1,2,1,0,-0.8547027440062103,-1.96716108893148,-0.9048261264174351,-0.49187360504543254,-1.389348433310982,2,2,-1.1519693541586895,0,-1.5678082513565448,-0.6057843582432624,-0.017506989653364804,-1.1605084661843321,0.7987151202502093,1.9948926772590752,1.658556780728306,8.594154232552366
1,101.0,5,1,0,1,2,1,0,-0.8547027440062103,-1.96716108893148,-0.9048261264174351,-0.49187360504543254,-1.1902362960209518,2,2,-0.8390650164223133,0,-1.5678082513565448,0.4791247961058667,-0.24227575838415394,-0.7322625930484017,1.8446515872445306,0.7480847539721532,0.48383750265602216,8.784162222270476
1,101.0,5,1,0,1,2,1,0,-0.8547027440062103,-1.96716108893148,-0.9048261264174351,-0.49187360504543254,-1.1593062552768694,2,2,-0.8390650164223133,0,-1.5678082513565448,0.4791247961058667,-0.24227575838415394,-0.7322625930484017,1.8446515872445306,0.7480847539721532,0.48383750265602216,8.872066513408342
0,110.0,5,1,0,0,3,1,0,-0.38982945666794533,-0.8791654396132587,-0.9048261264174351,0.2924821226812291,-1.0549173677655914,2,2,-0.8390650164223133,0,-1.5678082513565448,0.4791247961058667,-0.24227575838415394,-0.7322625930484017,1.8446515872445306,0.7480847539721532,0.48383750265602216,8.895081531754167
0,78.0,5,1,0,0,4,1,0,-0.38982945666794533,-1.3906857822031693,-0.9524987358177223,1.8611935781345523,-1.0278535821145194,2,2,-0.8390650164223133,0,-1.530479483467104,0.4791247961058667,-0.24227575838415394,-0.7322625930484017,1.8446515872445306,0.7480847539721532,0.48383750265602216,8.895081531754167
0,106.0,5,1,0,1,2,1,0,-0.38982945666794533,-0.5462712484039528,-0.3327548136139963,-0.2029004421987693,-0.6180305422554281,2,2,-0.4058128564796386,0,-0.6719178220099484,1.0215793732804306,-0.29222437365766246,-0.4646089223384451,1.426277000446802,0.28053178273955753,0.33699759289698666,8.974111581113318
0,106.0,5,1,0,1,2,1,0,-0.38982945666794533,-0.5462712484039528,-0.3327548136139963,-0.2029004421987693,-0.5155747822906552,2,2,-0.4058128564796386,0,-0.6719178220099484,1.0215793732804306,-0.29222437365766246,-0.4646089223384451,1.426277000446802,0.28053178273955753,0.33699759289698666,9.115590035430372
0,85.0,5,1,0,0,3,1,0,-0.38982945666794533,0.09515902246275988,-0.3327548136139963,0.12735460105456392,-0.48657786909307804,2,2,-0.4058128564796386,0,-0.6719178220099484,1.0215793732804306,-0.29222437365766246,-0.4646089223384451,1.426277000446802,0.28053178273955753,0.33699759289698666,9.087720658428273
0,85.0,5,1,0,0,3,1,0,-0.38982945666794533,0.09515902246275988,-1.6199152674217319,0.12735460105456392,-0.355125195930728,2,2,-0.4058128564796386,0,-0.6719178220099484,1.0215793732804306,-0.29222437365766246,-0.4646089223384451,1.426277000446802,0.28053178273955753,0.33699759289698666,9.239510749275963
0,85.0,5,1,0,0,3,1,0,-0.38982945666794533,0.09515902246275988,-0.3327548136139963,0.12735460105456392,-0.1753443341057493,2,2,-0.4058128564796386,5,-0.6719178220099484,1.0215793732804306,-0.29222437365766246,-0.06312841627351023,1.426277000446802,-0.18702118849303817,-0.39720195589819074,9.468542139105455
1,107.0,5,1,0,1,3,1,0,-0.38982945666794533,-0.41636132012715077,0.04862606158829403,-1.152383691552096,-0.5078422721046347,2,2,-0.4058128564796386,1,-0.6719178220099484,1.0215793732804306,-0.2672500660209082,-0.08989378334450589,0.7987151202502093,-0.031170198082172938,0.043317773378915715,9.24435525056346
0,122.0,6,1,0,0,3,2,0,-0.755087039576583,-0.2864513918503488,-1.9536235332237386,-0.12033668138543525,-0.4227846600584082,2,2,-0.3817432920383789,1,-0.07465753577888316,-0.09523887384367222,-0.41709591184143413,-0.6787318589064103,-0.6655959335418404,-0.18702118849303817,-0.25036204613915525,8.822616945344176
2,122.0,6,1,0,1,2,2,0,-0.47284254369263556,-0.13218335202164538,-0.3327548136139963,-0.987256169925431,0.3446669759041354,2,2,-0.18918677650830126,7,0.37328767889441583,-0.09523887384367222,-0.24227575838415394,-0.3575474540544625,-0.24722134674411195,-0.18702118849303817,-0.25036204613915525,9.310095205113175
0,145.0,7,1,0,0,3,2,0,2.3496024151468333,2.0600466876493964,1.7648399999986037,-0.4093098442321015,2.919592867848992,0,3,3.156482680826797,5,1.1198630366832458,2.9042158470039174,-0.5169931423884516,1.944274114051164,-0.7701895802412726,-1.5896801021908253,-1.71876114372951,10.381304329495126
1,104.0,8,1,0,1,2,1,0,-0.95431844843584,-1.2282983718571663,-0.8094809076168609,0.12735460105456392,-1.2868926733462092,2,2,-0.863134580863573,1,-1.1198630366832474,-0.3505116160434673,-0.29222437365766246,-0.9463855296163669,-0.24722134674411195,0.7480847539721532,0.043317773378915715,8.55564437779049
1,104.0,8,1,0,1,2,1,0,-0.95431844843584,-1.2282983718571663,-0.8094809076168609,0.12735460105456392,-1.2675613978811577,2,2,-0.863134580863573,1,-1.1198630366832474,-0.3505116160434673,-0.29222437365766246,-0.9463855296163669,-0.24722134674411195,0.9039357443830185,1.0711971416921642,8.715388097366482
1,104.0,8,1,0,1,2,1,0,-0.95431844843584,-1.2282983718571663,-0.8094809076168609,0.12735460105456392,-1.257895760148632,2,2,-0.863134580863573,1,-1.1198630366832474,-0.3505116160434673,-0.29222437365766246,-0.9463855296163669,-0.24722134674411195,0.9039357443830185,1.0711971416921642,8.824089482791823
1,113.0,8,1,0,0,3,1,0,-0.95431844843584,-0.6031068420250529,-0.8094809076168609,0.12735460105456392,-1.1805706582884261,2,2,-0.863134580863573,1,-1.1198630366832474,-0.3505116160434673,-0.29222437365766246,-0.9463855296163669,-0.24722134674411195,0.9039357443830185,1.0711971416921642,8.80926561216931
1,113.0,8,1,0,0,3,1,0,-0.95431844843584,-0.6031068420250529,-0.8094809076168609,0.12735460105456392,-1.1709050205559004,2,2,-0.863134580863573,1,-0.9332191972360387,-0.3505116160434673,-0.29222437365766246,-0.9463855296163669,-0.24722134674411195,0.9039357443830185,1.0711971416921642,8.908694592507015
3,150.0,8,1,0,1,2,2,0,-0.5890608655272024,-0.4244806906444505,-0.09439176661256399,-1.7303300172454255,-0.3396601755586868,5,6,-1.3685954341300268,2,-1.6577303036698487e-15,0.0,-0.192327143110645,-0.06312841627351023,1.8446515872445306,-1.2779781213690948,-1.131401504693368,9.300729371703863
3,150.0,8,1,0,1,2,2,0,-0.5890608655272024,-0.4244806906444505,-0.09439176661256399,-1.7303300172454255,-0.3396601755586868,5,6,-1.3685954341300268,2,-1.6577303036698487e-15,0.0,-0.192327143110645,-0.06312841627351023,1.8446515872445306,-1.2779781213690948,-1.131401504693368,9.37974553683691
3,150.0,8,1,0,1,2,2,0,-0.5890608655272024,-0.4244806906444505,-0.09439176661256399,-1.7303300172454255,-0.3299945378261611,5,6,-1.3685954341300268,2,-1.6577303036698487e-15,0.0,-0.192327143110645,-0.06312841627351023,1.8446515872445306,-1.2779781213690948,-1.131401504693368,9.52120171737537
3,150.0,8,1,0,1,2,2,0,-0.5890608655272024,-0.4244806906444505,-0.09439176661256399,-1.7303300172454255,-0.10768486997806911,5,6,-1.1278997897174297,5,-1.6577303036698487e-15,0.0,-0.192327143110645,0.8468940641403421,1.8446515872445306,-1.43382911177996,-1.131401504693368,9.657970572245025
1,129.0,8,1,0,1,2,1,0,-0.007969256354370567,0.2900239148779641,0.2869891085897263,-0.037772920572101215,-0.3299945378261611,2,2,-0.11697808318452216,1,0.22397260733664948,0.41530661055591794,-0.3921216042046799,-0.5181396564804364,-0.6655959335418404,0.1246807923286923,0.1901576831379512,9.087720658428273
0,115.0,8,1,0,0,3,1,0,-0.007969256354370567,0.2900239148779641,0.2869891085897263,0.7053009267478934,-0.2816663491635324,2,2,-0.11697808318452216,1,0.22397260733664948,0.41530661055591794,-0.3921216042046799,-0.5181396564804364,-0.6655959335418404,0.1246807923286923,0.1901576831379512,9.04735074348172
1,129.0,8,1,0,1,2,1,0,-0.007969256354370567,0.2900239148779641,0.2869891085897263,-0.037772920572101215,-0.3299945378261611,2,2,-0.11697808318452216,1,0.22397260733664948,0.41530661055591794,-0.3921216042046799,-0.5181396564804364,-0.6655959335418404,0.1246807923286923,0.1901576831379512,9.26823185039196
0,115.0,8,1,0,0,3,1,0,-0.007969256354370567,0.2900239148779641,0.2869891085897263,0.7053009267478934,-0.2816663491635324,2,2,-0.11697808318452216,1,0.22397260733664948,0.41530661055591794,-0.3921216042046799,-0.5181396564804364,-0.6655959335418404,0.1246807923286923,0.1901576831379512,9.234642664499148
0,122.0,8,0,0,0,3,1,0,-0.007969256354370567,0.2900239148779641,0.2869891085897263,0.7053009267478934,-0.21787314012886252,2,2,-0.11697808318452216,3,0.22397260733664948,0.41530661055591794,3.129255772577682,-1.0534469979003496,-0.9793768736401368,1.6831906964373446,1.658556780728306,9.286930974137896
0,115.0,8,1,0,0,2,1,0,-0.007969256354370567,0.2900239148779641,0.2869891085897263,0.7053009267478934,-0.2526694359659552,2,2,-0.11697808318452216,1,0.22397260733664948,0.41530661055591794,-0.3921216042046799,-0.5181396564804364,-0.6655959335418404,0.1246807923286923,0.1901576831379512,9.327767788852148
0,118.0,8,1,0,0,3,2,0,1.0047904053468522,0.0626815403935588,0.09629867098857778,0.25120024227456206,0.220946812927806,2,2,0.31627407675815256,5,1.6051370192459855,-0.3186025232684922,-0.5419674500252059,0.4454135580754072,-0.24722134674411195,-0.9662761405473643,-0.5440418656572262,9.813617548107086
0,122.0,8,0,0,0,3,2,0,1.0047904053468522,0.0626815403935588,0.09629867098857778,0.25120024227456206,0.2789406393229604,2,2,0.17185669011059432,3,0.37328767889441583,1.213033929930277,2.9544356191204018,-0.8393240613323842,-1.920719693935026,0.9039357443830185,1.2180370514511996,9.817112336789382
-1,93.0,9,0,1,0,3,2,0,1.851523892998692,1.3536614526442838,2.0985482658006105,1.1181197308145576,1.8544395897246557,2,1,1.3512653477323198,3,0.9332191972360387,1.213033929930277,2.82956408093663,0.5257096592883942,-1.6069387538367295,-0.4987231693147686,-0.8377216851752972,10.14851000556878
-1,93.0,9,0,1,0,4,2,0,1.851523892998692,1.3536614526442838,2.0985482658006105,2.0263210997612204,2.3087245631533655,2,1,1.3512653477323198,3,0.9332191972360387,1.213033929930277,2.82956408093663,0.5257096592883942,-1.6069387538367295,-0.4987231693147686,-0.8377216851752972,10.248813337717966
0,93.0,9,0,1,1,1,2,0,1.3036375186357365,1.0776028550560781,2.0985482658006105,0.4576096443078942,1.8157770387945529,2,1,1.3512653477323198,3,0.9332191972360387,1.213033929930277,2.82956408093663,0.5257096592883942,-1.6069387538367295,-0.4987231693147686,-0.8377216851752972,10.246261321304372
-1,93.0,9,0,1,0,3,2,0,2.781270467675222,2.303627803168401,2.7659647974046235,1.0355559700012236,2.3473871140834683,2,1,1.3512653477323198,3,0.9332191972360387,1.213033929930277,2.82956408093663,0.5257096592883942,-1.6069387538367295,-0.4987231693147686,-0.8377216851752972,10.360944044643913
1,122.0,10,1,1,1,2,2,0,0.6395328224382144,0.33874013798176456,1.0020782495940233,0.41632776390122717,0.6848974240890414,2,2,0.31627407675815256,5,1.6797945550248687,-0.44623889436838976,-0.5419674500252059,1.9175087469801684,-0.24722134674411195,-0.9662761405473643,-0.9845615949343327,9.711358054751088
2,161.0,11,1,0,1,2,1,0,-0.8547027440062103,-1.3744470411685676,-0.7141356888162865,-1.23494745236543,-1.232765102044065,2,2,-0.8390650164223133,1,-1.3438356440198953,-0.09523887384367222,-0.192327143110645,-0.9463855296163669,0.7987151202502093,1.83904168684821,1.5117168709692705,8.592300663903043
2,161.0,11,1,0,1,2,1,0,-0.8547027440062103,-1.3744470411685676,-0.7141356888162865,-1.23494745236543,-1.1825037858349312,2,2,-0.8390650164223133,1,-1.3438356440198953,-0.09523887384367222,-0.192327143110645,-0.9463855296163669,0.7987151202502093,0.9039357443830185,1.0711971416921642,8.730690365678642
2,161.0,11,1,0,1,2,1,0,-0.8547027440062103,-1.3744470411685676,-0.7141356888162865,-1.23494745236543,-1.0665161330446224,2,2,-0.8390650164223133,1,-1.3438356440198953,-0.09523887384367222,-0.192327143110645,-0.9463855296163669,0.7987151202502093,0.9039357443830185,1.0711971416921642,8.80537513890967
1,161.0,11,1,1,1,2,1,0,-0.9709210658407772,-1.3744470411685676,-1.0001713452180094,-1.23494745236543,-0.7939451489873965,2,2,-0.694647629774755,6,-1.1198630366832474,0.41530661055591794,-0.6418646805722232,-0.036363049202514576,0.7987151202502093,-0.18702118849303817,-0.10352213638011977,8.94767606249969
3,153.0,11,1,1,1,2,1,0,-0.4230346914778219,-0.09970586995244429,-0.237409594813422,-1.8128937780587595,-0.3589914510237383,2,2,-0.4058128564796386,6,-0.5972602862310653,0.638670259980738,-0.6668389882089776,0.3383520897914246,0.7987151202502093,-0.3428721789039034,-0.10352213638011977,9.206332350578643
3,153.0,11,1,0,1,2,1,0,-0.4230346914778219,-0.09970586995244429,-0.237409594813422,-1.8128937780587595,-0.4401828079769545,2,2,-0.11697808318452216,1,0.07465753577888316,0.638670259980738,-0.41709591184143413,-0.41107818819645375,-0.24722134674411195,-0.031170198082172938,0.1901576831379512,9.047821442478408
3,122.0,11,1,1,1,2,1,0,-0.4894451610975727,-0.08346712891784491,0.19164388978915203,-1.4826387348054264,0.5360466030081451,2,2,0.7013871078183078,6,0.9332191972360387,1.915033970979712,-0.7917105263927492,1.1145477348502986,-0.24722134674411195,-0.9662761405473643,-0.9845615949343327,9.443830215344537
3,122.0,11,1,1,1,2,1,0,-0.4894451610975727,-0.08346712891784491,0.19164388978915203,-1.4826387348054264,0.706161827100598,2,2,0.7013871078183078,6,0.9705479651254795,1.915033970979712,-0.7917105263927492,1.1145477348502986,-0.24722134674411195,-0.9662761405473643,-0.9845615949343327,9.6071010394542
3,122.0,11,1,1,1,2,1,0,-0.4894451610975727,-0.08346712891784491,0.19164388978915203,-1.4826387348054264,0.7158274648331238,2,2,0.7013871078183078,6,0.9705479651254795,1.915033970979712,-0.7917105263927492,1.1145477348502986,-0.24722134674411195,-0.9662761405473643,-0.9845615949343327,9.581214035314728
1,125.0,11,1,0,0,3,1,0,-0.4230346914778219,-0.14842209305624476,-0.237409594813422,-0.9046924091120969,-0.3686570887562641,2,2,-0.11697808318452216,1,0.07465753577888316,0.638670259980738,-0.41709591184143413,-0.41107818819645375,-0.24722134674411195,-0.031170198082172938,0.1901576831379512,8.852235835227855
1,125.0,11,1,0,0,3,1,0,-0.4230346914778219,-0.14842209305624476,-0.237409594813422,-0.9046924091120969,-0.29133198689605816,2,2,-0.11697808318452216,1,0.07465753577888316,0.638670259980738,-0.41709591184143413,-0.41107818819645375,-0.24722134674411195,-0.031170198082172938,0.1901576831379512,9.010669176847115
1,125.0,11,1,1,0,3,1,0,-0.4230346914778219,-0.14842209305624476,-0.237409594813422,-0.9046924091120969,-0.2951982419890684,2,2,-0.4058128564796386,6,-0.5972602862310653,0.638670259980738,-0.6668389882089776,0.3383520897914246,0.7987151202502093,-0.3428721789039034,-0.10352213638011977,9.135616825780247
-1,137.0,11,1,0,0,3,1,0,-0.4230346914778219,-0.14842209305624476,-0.237409594813422,-0.9046924091120969,-0.2951982419890684,2,2,-0.4058128564796386,6,-0.5972602862310653,0.638670259980738,-0.6668389882089776,0.3383520897914246,0.7987151202502093,-0.3428721789039034,-0.10352213638011977,9.135616825780247
1,128.0,12,1,0,1,3,1,0,-0.7218818047667064,-0.7248973997845553,-1.0001713452180094,0.2924821226812291,-1.2888258008927143,2,2,-0.7187171942160148,1,-0.6719178220099484,0.0962156828061741,-0.192327143110645,-0.9196201625453713,0.17115324005361654,0.9039357443830185,0.9243572319331286,8.612503371220562
1,128.0,12,0,0,1,3,1,0,-0.7218818047667064,-0.7248973997845553,-1.0001713452180094,0.2924821226812291,-1.0413854749400555,2,2,-0.5742998075684566,3,-1.269178108241012,0.670579352755713,2.9294613114836467,-1.2943353015393104,-0.6655959335418404,3.085849610135132,2.83327605880059,8.867850063029406
1,128.0,12,1,0,1,3,1,0,-0.7218818047667064,-0.7248973997845553,-1.0001713452180094,0.2924821226812291,-1.232765102044065,2,2,-0.7187171942160148,1,-0.6719178220099484,0.0962156828061741,-0.192327143110645,-0.9196201625453713,0.17115324005361654,0.9039357443830185,0.9243572319331286,8.8023721336499
1,122.0,12,1,0,0,3,1,0,-0.7218818047667064,-0.7248973997845553,-1.0001713452180094,0.2924821226812291,-1.194102551113962,2,2,-0.7187171942160148,1,-0.6719178220099484,0.0962156828061741,-0.192327143110645,-0.9196201625453713,0.17115324005361654,0.9039357443830185,0.9243572319331286,8.83200393125627
1,103.0,12,1,0,0,4,1,0,-0.7218818047667064,-0.32704824443684954,-1.0001713452180094,-0.12033668138543525,-1.0278535821145194,2,2,-0.7187171942160148,1,-0.6719178220099484,0.0962156828061741,-0.192327143110645,-0.9196201625453713,0.17115324005361654,0.9039357443830185,0.9243572319331286,8.902455592206882
1,128.0,12,1,0,1,3,1,0,-0.7218818047667064,-0.7248973997845553,-1.0001713452180094,0.2924821226812291,-1.168971893009395,2,2,-0.7187171942160148,1,-0.6719178220099484,0.0962156828061741,-0.192327143110645,-0.9196201625453713,0.17115324005361654,0.9039357443830185,0.9243572319331286,8.895629627136483
1,128.0,12,1,0,1,2,1,0,-0.7218818047667064,-0.7005392882326562,-1.0001713452180094,-0.2029004421987693,-1.0201210719284988,2,2,-0.7187171942160148,1,-0.6719178220099484,0.0962156828061741,-0.192327143110645,-0.9196201625453713,0.17115324005361654,0.9039357443830185,0.9243572319331286,8.961879012677683
1,122.0,12,1,0,0,3,1,0,-0.7218818047667064,-0.7248973997845553,-1.0001713452180094,0.2924821226812291,-1.1303093420792922,2,2,-0.7187171942160148,1,-0.6719178220099484,0.0962156828061741,-0.192327143110645,-0.9196201625453713,0.17115324005361654,0.9039357443830185,0.9243572319331286,8.922658299524402
1,103.0,12,1,0,0,4,1,0,-0.7218818047667064,-0.32704824443684954,-1.0001713452180094,-0.12033668138543525,-1.0027229240099524,2,2,-0.7187171942160148,1,-0.6719178220099484,0.0962156828061741,-0.192327143110645,-0.9196201625453713,0.17115324005361654,0.9039357443830185,0.9243572319331286,8.987196820661973
2,168.0,12,1,0,1,1,1,0,-0.622266100337079,-0.9603591447862603,-1.0001713452180094,-0.2029004421987693,-1.0587836228586018,2,2,-0.7187171942160148,1,-0.6719178220099484,0.0962156828061741,-0.192327143110645,-0.9196201625453713,0.17115324005361654,0.9039357443830185,0.9243572319331286,9.017968479328726
0,106.0,12,1,0,0,2,1,0,-0.27361113483337846,-0.06722838788324322,-0.3327548136139963,0.3750458834945631,-0.4479153181629751,2,2,-0.16511721206704155,1,0.0,0.670579352755713,-0.41709591184143413,-0.17018988455749284,0.17115324005361654,0.28053178273955753,0.48383750265602216,9.099408811268901
0,106.0,12,1,0,0,3,1,0,-0.27361113483337846,-0.06722838788324322,-0.3327548136139963,0.3750458834945631,-0.49044412418608835,2,2,-0.16511721206704155,1,0.0,0.670579352755713,-0.41709591184143413,-0.17018988455749284,0.17115324005361654,0.28053178273955753,0.48383750265602216,9.164296433474776
0,128.0,12,1,0,0,3,1,0,0.2576726221246397,0.6066793650526683,0.2869891085897263,0.5401734051212282,1.0425260201924937,4,3,1.3031262188498005,5,0.37328767889441583,0.03239749725622533,-0.29222437365766246,1.3019053043472681,0.17115324005361654,-1.2779781213690948,-1.2782414144524037,9.51044496442652
0,108.0,12,1,0,0,4,1,0,0.2576726221246397,0.8421411100543732,0.2869891085897263,0.9529922091878926,1.4310846570400284,4,3,1.3031262188498005,5,0.37328767889441583,0.03239749725622533,-0.29222437365766246,1.3019053043472681,0.17115324005361654,-1.2779781213690948,-1.2782414144524037,9.574983485564092
0,108.0,12,1,0,0,3,1,0,0.2576726221246397,0.8421411100543732,0.2869891085897263,0.5401734051212282,0.9748665560648135,4,3,1.3031262188498005,5,0.37328767889441583,0.03239749725622533,-0.29222437365766246,1.3019053043472681,0.17115324005361654,-0.9662761405473643,-0.8377216851752972,9.51044496442652
3,194.0,12,1,0,1,2,2,0,-1.2531655617247246,-0.2864513918503488,0.9544056401937394,-1.6890481368387584,0.9961309590763702,4,3,1.3031262188498005,5,0.37328767889441583,0.03239749725622533,-0.29222437365766246,1.5160282409152335,0.17115324005361654,-0.9662761405473643,-0.8377216851752972,9.752664662801545
3,194.0,12,1,1,1,2,2,0,-1.2531655617247246,-0.2864513918503488,0.9544056401937394,-1.6890481368387584,1.1275836322387203,4,3,1.3031262188498005,5,0.37328767889441583,0.03239749725622533,-0.5919160652987145,2.58664292375506,0.17115324005361654,-1.2779781213690948,-1.131401504693368,9.88837391472608
1,231.0,12,1,0,1,2,2,0,0.05844121326538259,0.3468595084990642,0.9544056401937394,-1.6890481368387584,1.1275836322387203,4,3,1.3031262188498005,5,0.37328767889441583,0.03239749725622533,-0.29222437365766246,1.5160282409152335,0.17115324005361654,-0.9662761405473643,-0.8377216851752972,9.820105943597078
0,161.0,13,1,0,0,3,2,0,1.5028689274949936,1.012647890917676,1.1927686871951717,1.2006834916278917,0.8975414542046077,1,2,-0.16511721206704155,5,0.48527398256273974,-0.22287524494356978,-0.4420702194781884,-0.17018988455749284,-0.24722134674411195,-0.9662761405473643,-0.9845615949343327,9.38437770918244
0,161.0,13,0,1,0,3,2,0,1.5028689274949936,1.012647890917676,1.1927686871951717,1.2006834916278917,1.2397050299360188,1,2,0.605108850053269,3,1.3811644119093376,0.8301248166305842,2.7046925427528583,-0.22372061869948418,-2.025313340634458,0.4363827731504228,0.33699759289698666,9.488047863280759
0,122.0,13,1,0,0,4,2,0,2.5488338240060906,2.003211094028296,1.1927686871951717,2.0263210997612204,1.3034982389706886,1,2,-0.16511721206704155,5,0.48527398256273974,-0.22287524494356978,-0.4420702194781884,-0.17018988455749284,-0.24722134674411195,-0.9662761405473643,-0.9845615949343327,9.42875274891449
0,122.0,13,0,1,0,4,2,0,2.5488338240060906,2.003211094028296,1.1927686871951717,2.0263210997612204,1.6901237482717182,1,2,0.605108850053269,3,1.3811644119093376,0.8301248166305842,2.7046925427528583,-0.22372061869948418,-2.025313340634458,-0.031170198082172938,-0.8377216851752972,9.536834420213353
0,161.0,13,1,0,0,3,2,0,1.5028689274949936,1.012647890917676,1.1927686871951717,1.2006834916278917,1.003863469262391,1,2,-0.16511721206704155,5,0.48527398256273974,-3.4137845224410057,-0.4420702194781884,-0.22372061869948418,-0.24722134674411195,-0.9662761405473643,-0.9845615949343327,9.653807502217354
0,161.0,13,0,1,0,3,2,0,1.5028689274949936,1.012647890917676,1.1927686871951717,1.2006834916278917,1.3460270449938019,1,2,0.605108850053269,3,1.3811644119093376,0.8301248166305842,2.7046925427528583,-0.22372061869948418,-2.025313340634458,0.4363827731504228,0.33699759289698666,9.735128070758227
0,122.0,13,1,0,0,4,2,0,2.5488338240060906,2.003211094028296,1.1927686871951717,1.2006834916278917,1.4098202540284719,1,2,-0.16511721206704155,5,0.48527398256273974,-3.4137845224410057,-0.4420702194781884,-0.22372061869948418,-0.24722134674411195,-0.9662761405473643,-0.9845615949343327,9.722924448757036
0,122.0,13,0,1,0,4,2,0,2.5488338240060906,2.003211094028296,1.1927686871951717,2.0263210997612204,1.7964457633295015,1,2,0.605108850053269,3,1.3811644119093376,0.8301248166305842,2.7046925427528583,-0.22372061869948418,-2.025313340634458,-0.031170198082172938,-0.8377216851752972,9.745429247877853
0,161.0,13,1,0,0,3,2,0,1.5028689274949936,1.012647890917676,1.1927686871951717,1.2006834916278917,1.003863469262391,1,2,-0.16511721206704155,5,0.48527398256273974,-0.22287524494356978,-0.4420702194781884,-0.17018988455749284,-0.24722134674411195,-0.9662761405473643,-0.9845615949343327,9.71902370267014
0,161.0,13,0,1,0,3,2,0,1.5028689274949936,1.012647890917676,1.1927686871951717,1.2006834916278917,1.3460270449938019,1,2,0.605108850053269,3,1.3811644119093376,0.8301248166305842,2.7046925427528583,-0.22372061869948418,-2.025313340634458,0.4363827731504228,0.33699759289698666,9.79540110267107
0,161.0,13,1,1,0,3,2,0,1.5194715448999307,1.012647890917676,1.145096077794881,0.9117103287812256,1.110185484320174,1,2,0.17185669011059432,5,1.0452055009043626,-0.159057059393621,-0.7917105263927492,1.0342516336373118,1.0079024136490735,-1.1221271309582297,-0.9845615949343327,9.806480934593978
1,119.0,14,1,0,1,2,1,0,-0.8547027440062103,-1.3744470411685676,-1.0001713452180094,-1.23494745236543,-1.232765102044065,2,2,-0.8872041453048327,1,-1.3438356440198953,-0.09523887384367222,-0.192327143110645,-0.9463855296163669,0.7987151202502093,1.83904168684821,1.5117168709692705,8.625688787569537
1,119.0,14,1,1,1,2,1,0,-0.8547027440062103,-1.3744470411685676,-1.0001713452180094,-1.23494745236543,-0.8268083172779841,2,2,-0.694647629774755,6,-1.1198630366832474,0.41530661055591794,-0.6418646805722232,-0.036363049202514576,0.7987151202502093,-0.18702118849303817,-0.10352213638011977,8.981932990986873
1,154.0,14,1,0,0,2,1,0,-0.8547027440062103,-1.3744470411685676,-1.0001713452180094,-1.3175112131787612,-1.1380418522653128,2,2,-0.8872041453048327,1,-1.3438356440198953,-0.09523887384367222,-0.192327143110645,-0.9463855296163669,0.7987151202502093,0.9039357443830185,1.0711971416921642,8.737131611781498
1,154.0,14,1,0,0,3,1,0,-0.8547027440062103,-0.5625099894385522,-1.0001713452180094,-1.23494745236543,-1.0955130462421996,2,2,-0.8872041453048327,1,-1.3438356440198953,-0.09523887384367222,-0.192327143110645,-0.9463855296163669,0.7987151202502093,0.9039357443830185,1.0711971416921642,8.808817483100642
1,154.0,14,1,0,0,3,1,0,-0.8547027440062103,-0.5625099894385522,-1.0001713452180094,-1.23494745236543,-0.7050212818481597,2,2,-0.694647629774755,1,-1.3438356440198953,-0.09523887384367222,-0.192327143110645,-0.9463855296163669,0.7987151202502093,0.9039357443830185,1.0711971416921642,8.937218450855731
-1,74.0,14,1,0,0,4,1,0,0.7391485268678418,0.03020405832435772,-0.6187904700157191,2.4804217842345486,-0.04002540585038894,2,2,-0.11697808318452216,1,0.07465753577888316,0.638670259980738,-0.41709591184143413,-0.41107818819645375,-0.24722134674411195,-0.18702118849303817,-0.10352213638011977,9.09627541568821
3,122.0,14,1,1,1,2,2,0,-0.4894451610975727,-0.08346712891784491,0.19164388978915203,-1.4826387348054264,0.5070496898105679,2,2,0.7013871078183078,6,0.9705479651254795,1.915033970979712,-0.7917105263927492,1.1145477348502986,-0.24722134674411195,-0.9662761405473643,-0.9845615949343327,9.454462329675584
3,186.0,15,1,0,1,2,2,0,-0.7218818047667064,-0.4326000611617502,1.145096077794881,-1.4826387348054264,0.42972458795036195,2,2,0.5810392856120092,5,2.277054841255934,-0.47814798714336487,-0.16735283547389074,1.0610170007083073,0.7987151202502093,-0.9662761405473643,-0.5440418656572262,9.999660995984785
3,122.0,15,1,0,1,1,2,1,-1.552012675013609,-0.4326000611617502,-0.42810003241457056,-0.9046924091120969,0.3871957819272487,3,3,1.6160305565861766,5,1.530479483467104,-1.1482389354178262,-0.16735283547389074,2.7740004932520295,1.6354642938456663,-1.2779781213690948,-0.8377216851752972,10.389887278140291
0,122.0,16,1,0,0,4,1,0,-0.45623992628769844,0.5904406240180688,0.2869891085897263,0.5814552855278953,0.04503220619583755,2,2,0.1237175612280749,5,0.48527398256273974,2.0426703420796097,-0.36714729656792566,-3.8035874284497105e-16,0.0,-0.3428721789039034,0.043317773378915715,9.137339479091693
2,122.0,16,1,0,1,2,1,0,-0.45623992628769844,0.20883020970496252,0.33466171799001004,-1.3587930935854282,-0.18500997183827503,2,2,0.1237175612280749,5,0.48527398256273974,2.0426703420796097,-0.36714729656792566,-3.8035874284497105e-16,0.0,-0.3428721789039034,0.043317773378915715,9.199885914072324
3,150.0,17,1,0,1,2,1,0,0.04183859586044312,1.0045285204003762,0.2869891085897263,0.9529922091878926,0.19774928236974423,2,2,-0.14104764762578187,5,0.7839041256782724,-0.6057843582432624,-0.21480401998372387,0.17775988736545068,0.27574688675304865,-0.6545741597256339,-0.39720195589819074,9.380167531188448
2,104.0,17,1,0,0,3,1,0,0.04183859586044312,1.0045285204003762,0.2869891085897263,0.9529922091878926,0.2692750015904347,2,2,-0.14104764762578187,5,0.7839041256782724,-0.6057843582432624,-0.21730145074739926,0.17775988736545068,0.27574688675304865,-0.6545741597256339,-0.39720195589819074,9.406811351874557
3,150.0,17,1,0,1,2,1,0,0.04183859586044312,1.0045285204003762,0.2869891085897263,0.9529922091878926,0.29247253214849644,2,2,-0.14104764762578187,5,-2.9489726632658826,-3.796693635740698,-0.21730145074739926,0.17775988736545068,0.27574688675304865,-0.6545741597256339,-0.39720195589819074,9.618535084655214
2,104.0,17,1,0,0,3,1,0,0.04183859586044312,1.0045285204003762,0.2869891085897263,0.9529922091878926,0.391062037020259,2,2,-0.14104764762578187,5,0.7839041256782724,-0.6057843582432624,-0.21730145074739926,0.17775988736545068,0.27574688675304865,-0.6545741597256339,-0.39720195589819074,9.64930472862475
3,150.0,17,1,1,1,2,1,0,0.04183859586044312,1.0045285204003762,0.2869891085897263,0.9529922091878926,0.4877184143455164,0,2,-0.14104764762578187,5,0.7839041256782724,-0.6057843582432624,-0.29222437365766246,1.5160282409152335,0.7987151202502093,-0.9662761405473643,-0.6908817754162617,9.806480934593978
2,104.0,17,1,1,0,3,1,0,0.04183859586044312,1.0045285204003762,0.2869891085897263,0.9529922091878926,0.5631103886592171,0,2,-0.14104764762578187,5,0.7839041256782724,-0.6057843582432624,-0.29222437365766246,1.5160282409152335,0.7987151202502093,-0.9662761405473643,-0.6908817754162617,9.832045255081763
2,83.0,18,1,0,1,2,1,0,-0.8547027440062103,-1.4069245232377687,-1.1908617828191546,-0.037772920572101215,-0.9775922659053856,3,2,-0.7187171942160148,1,1.082534268793805,-2.871329945266442,-0.29222437365766246,-0.9196201625453713,-0.45640864014297616,0.9039357443830185,0.7775173221740931,8.540714386457584
2,83.0,18,1,0,1,2,1,0,-0.8547027440062103,-1.3257308180647671,-1.0955165640185802,-0.037772920572101215,-0.8422733376500252,3,2,-0.45395198536215803,1,1.082534268793805,-1.9778753475671589,-0.36714729656792566,-0.8125586942613886,-1.5023451071372975,0.1246807923286923,0.043317773378915715,8.861350110795998
2,83.0,18,1,0,1,2,0,0,-0.9211132136259634,-1.3744470411685676,-1.0001713452180094,0.7878646875612274,-0.6102980320694075,3,2,-0.45395198536215803,1,1.082534268793805,-1.9778753475671589,-0.36714729656792566,-0.8125586942613886,-1.5023451071372975,0.1246807923286923,0.043317773378915715,8.93642970360832
0,102.0,18,1,0,0,3,1,0,-0.27361113483337846,-0.18089957512544586,-0.237409594813422,-0.5331554854520996,-0.7939451489873965,3,2,-0.45395198536215803,1,1.082534268793805,-1.9778753475671589,-0.16735283547389074,-0.5716703906224277,-0.6655959335418404,1.0597867347938836,0.9243572319331286,8.871645667501872
0,102.0,18,1,0,0,3,1,0,-0.27361113483337846,-0.18089957512544586,-0.237409594813422,-0.5331554854520996,-0.7069544093946649,3,2,-0.45395198536215803,1,1.082534268793805,-1.9778753475671589,-0.16735283547389074,-0.5716703906224277,-1.5023451071372975,0.4363827731504228,0.33699759289698666,8.958797346140274
0,102.0,18,1,0,0,3,1,0,-0.27361113483337846,-0.18089957512544586,-0.237409594813422,-0.5331554854520996,-0.41698527741889274,3,2,-0.45395198536215803,5,1.082534268793805,-1.9778753475671589,-0.29222437365766246,-0.2504859857704798,0.17115324005361654,0.1246807923286923,0.1901576831379512,9.206432747145165
0,102.0,18,1,0,0,3,0,0,-0.30681636964325504,-0.18089957512544586,-0.237409594813422,0.20991836186789503,-0.3299945378261611,3,2,-0.45395198536215803,1,1.082534268793805,-1.9778753475671589,-0.29222437365766246,-0.5716703906224277,-0.6655959335418404,-0.18702118849303817,-0.8377216851752972,9.130647603066935
0,102.0,18,1,1,0,3,0,0,-0.30681636964325504,-0.18089957512544586,-0.237409594813422,0.20991836186789503,-0.08835359451301764,3,2,-0.45395198536215803,5,1.082534268793805,-1.9778753475671589,-0.6168903729354688,0.20452525443644634,-0.6655959335418404,-0.18702118849303817,-0.25036204613915525,9.329011901693681
0,89.0,18,1,0,0,4,1,0,-0.30681636964325504,-0.05910901736594352,-0.237409594813422,-0.32674608341876743,-0.5136416547441501,3,2,-0.45395198536215803,1,1.082534268793805,-1.9778753475671589,-0.29222437365766246,-0.5716703906224277,-0.6655959335418404,0.4363827731504228,0.1901576831379512,8.91784674252718
0,89.0,18,1,0,0,4,1,0,-0.30681636964325504,-0.05910901736594352,-0.237409594813422,-0.32674608341876743,-0.19467560957080077,3,2,-0.45395198536215803,5,1.082534268793805,-1.9778753475671589,-0.29222437365766246,-0.2504859857704798,0.17115324005361654,-0.031170198082172938,0.043317773378915715,9.230044955250518
0,85.0,18,1,0,0,4,0,0,-0.32341898704819216,-0.05098964684864383,-0.237409594813422,0.4576096443078942,-0.2623350736984809,3,2,-0.45395198536215803,1,1.082534268793805,-1.9778753475671589,-0.29222437365766246,-0.5716703906224277,-0.6655959335418404,-0.3428721789039034,-0.25036204613915525,8.98894529119609
0,85.0,18,1,1,0,4,0,0,-0.32341898704819216,-0.05098964684864383,-0.237409594813422,0.4576096443078942,0.18228426199770303,3,2,-0.45395198536215803,5,1.082534268793805,-1.9778753475671589,-0.6168903729354688,0.20452525443644634,-0.6655959335418404,-0.3428721789039034,-1.131401504693368,9.36691667901828
1,87.0,19,1,0,1,2,1,0,-0.5226503959074492,-1.2607758539263674,-1.0955165640185802,0.2924821226812291,-1.1032455564282202,2,2,-0.8390650164223133,1,-1.0452055009043644,-0.7334207293431599,-0.29222437365766246,-1.1069777320423408,-0.6655959335418404,1.5273397060264795,1.2180370514511996,8.58466490653125
1,87.0,19,1,0,1,2,1,0,-0.5226503959074492,-1.2607758539263674,-1.0955165640185802,0.2924821226812291,-0.996923541370437,2,2,-0.8390650164223133,1,-1.0452055009043644,-0.7334207293431599,-0.29222437365766246,-1.1069777320423408,-0.6655959335418404,0.9039357443830185,1.0711971416921642,8.754476306284166
1,74.0,19,1,0,0,2,1,0,-0.5226503959074492,-1.2607758539263674,-1.0955165640185802,0.2924821226812291,-1.0452517300330657,2,2,-0.8390650164223133,1,-1.0452055009043644,-0.7334207293431599,-0.29222437365766246,-1.1069777320423408,-0.6655959335418404,0.9039357443830185,1.0711971416921642,8.77786371462117
0,77.0,19,1,0,0,4,1,0,-0.5226503959074492,-0.36764509702335035,-1.0955165640185802,2.1914486213878854,-0.5329729302092016,2,2,-0.8390650164223133,1,-1.0452055009043644,-0.7334207293431599,-0.29222437365766246,-1.1069777320423408,-0.6655959335418404,0.9039357443830185,0.9243572319331286,8.842026529498812
0,81.0,19,1,0,0,4,0,0,-0.5226503959074492,-0.36764509702335035,-1.0955165640185802,2.1914486213878854,-0.5136416547441501,2,2,-0.8390650164223133,1,-1.0452055009043644,-0.7334207293431599,-0.29222437365766246,-1.1069777320423408,-0.6655959335418404,0.28053178273955753,0.1901576831379512,8.97449144816442
0,91.0,19,1,0,0,4,0,0,-0.5226503959074492,-0.36764509702335035,-1.0955165640185802,2.1914486213878854,1.0715229333900709,2,2,-0.8390650164223133,1,-1.0452055009043644,-0.7334207293431599,-0.29222437365766246,-1.1069777320423408,-0.6655959335418404,0.28053178273955753,0.1901576831379512,9.080117784926209
0,91.0,19,1,0,0,3,1,0,-0.5226503959074492,-0.6437036946115537,-0.7141356888162865,-0.32674608341876743,-0.917665311963726,2,2,-0.694647629774755,1,-0.5226027504521822,-0.7334207293431599,-0.29222437365766246,-0.8928547954743756,-0.6655959335418404,0.7480847539721532,0.9243572319331286,8.844912950899548
0,91.0,19,1,0,0,2,1,0,-0.5226503959074492,-0.6437036946115537,-0.7141356888162865,-0.4093098442321015,-0.8635377406615818,2,2,-0.694647629774755,1,-0.5226027504521822,-0.7334207293431599,-0.29222437365766246,-0.8928547954743756,-0.6655959335418404,0.7480847539721532,0.9243572319331286,8.881697406469304
0,91.0,19,0,0,0,3,1,0,-0.5226503959074492,-0.6437036946115537,-0.7141356888162865,-0.32674608341876743,-0.5426385679417274,2,2,-0.4058128564796386,3,-0.22397260733664948,0.28767023945602044,3.0793071573041733,-1.2675699344683147,-1.2931578137384332,1.3714887156156141,0.7775173221740931,8.97449144816442
0,91.0,19,0,0,0,2,1,0,-0.5226503959074492,-0.6437036946115537,-0.7141356888162865,-0.4093098442321015,-0.5426385679417274,2,2,-0.4058128564796386,3,-0.22397260733664948,0.28767023945602044,3.0793071573041733,-1.2675699344683147,-1.2931578137384332,1.9948926772590752,2.3927563295234835,8.960467760919949
0,91.0,19,1,0,0,3,1,0,-0.5226503959074492,-0.6437036946115537,-0.7141356888162865,-0.32674608341876743,-0.8925346538591591,2,2,-0.694647629774755,1,-0.5226027504521822,-0.7334207293431599,-0.29222437365766246,-0.8928547954743756,-0.6655959335418404,1.9948926772590752,2.3927563295234835,8.95402775927046
0,91.0,19,1,0,0,2,1,0,-0.5226503959074492,-0.6437036946115537,-0.7141356888162865,-0.4093098442321015,-0.8384070825570149,2,2,-0.694647629774755,1,-0.5226027504521822,-0.7334207293431599,-0.29222437365766246,-0.8928547954743756,-0.6655959335418404,0.4363827731504228,0.48383750265602216,9.031094081699155
0,91.0,19,1,0,0,3,1,0,-0.5226503959074492,-0.6437036946115537,-0.7141356888162865,-0.4093098442321015,-0.8036107867199223,2,2,-0.694647629774755,1,-0.5226027504521822,-0.7334207293431599,-0.29222437365766246,-0.8928547954743756,-0.6655959335418404,0.4363827731504228,0.48383750265602216,9.133351330448047
1,168.0,19,1,0,1,3,2,0,-0.7218818047667064,-0.44883880219635186,-0.9048261264174351,-0.49187360504543254,-0.747550087871273,2,2,-0.694647629774755,1,-0.5226027504521822,-0.7334207293431599,-0.29222437365766246,-0.8928547954743756,-0.6655959335418404,0.592233763561288,0.48383750265602216,8.994544758324512
1,168.0,19,1,0,1,2,2,0,-0.7218818047667064,-0.44883880219635186,-0.9048261264174351,-0.49187360504543254,-0.6798906237435928,2,2,-0.694647629774755,1,-0.5226027504521822,-0.7334207293431599,-0.29222437365766246,-0.8928547954743756,-0.6655959335418404,0.592233763561288,0.48383750265602216,9.01663425631559
1,168.0,19,1,0,1,3,2,0,-0.7218818047667064,-0.44883880219635186,-0.9048261264174351,-0.49187360504543254,-0.5619698434067788,0,2,-0.694647629774755,5,-0.3359589110049734,-0.5738752654682873,-0.192327143110645,0.23129062150744198,3.099775347637716,0.1246807923286923,-0.25036204613915525,9.137662146478197
1,168.0,19,1,0,1,2,2,0,-0.7218818047667064,-0.44883880219635186,-0.9048261264174351,-0.49187360504543254,-0.49431037927909866,0,2,-0.694647629774755,5,-0.3359589110049734,-0.5738752654682873,-0.192327143110645,0.23129062150744198,3.099775347637716,0.1246807923286923,-0.25036204613915525,9.163143937145207
2,134.0,19,1,0,1,1,2,0,-0.07437972597412136,0.16011398660115975,-0.14206437601285452,-0.7395648874854317,-0.030359768117863204,2,2,0.46069146340571077,5,1.082534268793805,0.7663066310806355,-0.21730145074739926,0.3383520897914246,-0.6655959335418404,-0.18702118849303817,-0.10352213638011977,9.041921720351219
2,134.0,19,1,0,1,1,2,0,-0.07437972597412136,0.16011398660115975,-0.14206437601285452,-0.7395648874854317,-0.03809227830388379,2,2,0.46069146340571077,5,1.082534268793805,0.7663066310806355,-0.21730145074739926,0.3383520897914246,-0.6655959335418404,-0.18702118849303817,-0.10352213638011977,9.17367638760459
2,134.0,19,1,0,1,2,2,0,-0.07437972597412136,0.16011398660115975,-0.14206437601285452,-0.7395648874854317,-0.00909536510630658,2,2,0.46069146340571077,5,1.082534268793805,0.7663066310806355,-0.21730145074739926,0.3383520897914246,-0.6655959335418404,-0.18702118849303817,-0.10352213638011977,9.2093398716426
2,134.0,19,1,0,1,1,2,0,-0.07437972597412136,0.16011398660115975,-0.14206437601285452,-0.7395648874854317,0.23834496084635232,2,2,0.46069146340571077,5,1.082534268793805,0.7663066310806355,-0.21730145074739926,0.3383520897914246,-0.6655959335418404,-0.18702118849303817,-0.10352213638011977,9.323669057283185
2,134.0,19,1,0,1,2,2,0,-0.07437972597412136,0.16011398660115975,-0.14206437601285452,-0.7395648874854317,0.3060044249740325,2,2,0.46069146340571077,5,1.082534268793805,0.7663066310806355,-0.21730145074739926,0.3383520897914246,-0.6655959335418404,-0.18702118849303817,-0.10352213638011977,9.35444071594994
2,134.0,19,1,0,1,0,2,0,-0.07437972597412136,0.16011398660115975,-0.14206437601285452,-0.32674608341876743,0.810550714611876,2,2,0.46069146340571077,5,1.082534268793805,0.7663066310806355,-0.21730145074739926,0.3383520897914246,-0.6655959335418404,-0.18702118849303817,-0.10352213638011977,9.779623565313742
-1,65.0,19,1,0,0,3,1,0,0.5897249702234008,0.11139776349735928,0.2869891085897263,0.4576096443078942,-0.44404906306996483,2,2,-0.11697808318452216,5,-0.07465753577888316,0.893943002180533,-0.36714729656792566,-0.30401671991247115,-1.920719693935026,0.592233763561288,0.48383750265602216,9.099297073182859
-1,65.0,19,0,1,0,3,1,0,0.5897249702234008,0.11139776349735928,0.2869891085897263,0.4576096443078942,-0.14634742090817207,2,2,-0.4058128564796386,3,-0.22397260733664948,0.28767023945602044,3.0793071573041733,-0.8125586942613886,-1.2931578137384332,0.7480847539721532,0.33699759289698666,9.277905558138606
-1,65.0,19,1,0,0,2,1,0,0.5897249702234008,0.11139776349735928,0.2869891085897263,0.04479084024122989,-0.27393383897751183,2,2,-0.11697808318452216,5,-0.07465753577888316,0.893943002180533,-0.36714729656792566,-0.30401671991247115,-1.920719693935026,0.28053178273955753,0.1901576831379512,9.20923976653215
-1,65.0,19,1,0,0,3,1,0,0.5897249702234008,0.11139776349735928,0.2869891085897263,0.4576096443078942,-0.27393383897751183,2,2,-0.11697808318452216,5,-0.07465753577888316,0.893943002180533,-0.36714729656792566,-0.30401671991247115,-1.920719693935026,0.28053178273955753,0.1901576831379512,9.296426320889312
-1,65.0,19,1,0,0,2,1,0,0.5897249702234008,0.11139776349735928,0.2869891085897263,0.04479084024122989,-0.1888762269312853,2,2,-0.11697808318452216,5,-0.07465753577888316,0.893943002180533,-0.36714729656792566,-0.30401671991247115,-1.920719693935026,0.28053178273955753,0.1901576831379512,9.328034514792826
3,197.0,19,1,0,1,2,2,0,0.672738057248091,0.752828034364072,0.8590604213931652,-0.7395648874854317,0.8124838421583812,0,3,1.0624305744372033,5,-0.22397260733664948,0.28767023945602044,-0.21730145074739926,1.5427936079862292,0.17115324005361654,-0.8104251501364991,-0.9845615949343327,9.714685039642484
3,197.0,19,1,0,1,2,2,0,0.672738057248091,0.752828034364072,0.8590604213931652,-0.7395648874854317,0.8898089440185871,0,3,1.0624305744372033,5,-0.22397260733664948,0.28767023945602044,-0.21730145074739926,1.5427936079862292,0.17115324005361654,-0.9662761405473643,-0.9845615949343327,9.680281499268713
-1,90.0,19,1,0,0,3,2,0,0.9383799357270989,1.1019609666079795,0.2869891085897263,0.12735460105456392,1.112118611866679,0,3,1.0624305744372033,5,-0.22397260733664948,0.28767023945602044,-0.24227575838415394,1.408966772631251,0.17115324005361654,-0.8104251501364991,-0.9845615949343327,9.660842578559068
-1,122.0,19,1,0,0,4,2,0,0.9383799357270989,1.1019609666079795,0.2869891085897263,0.12735460105456392,1.150781162796782,0,3,0.8217349300246063,5,-0.22397260733664948,0.28767023945602044,-0.24227575838415394,1.408966772631251,0.17115324005361654,-0.9662761405473643,-0.9845615949343327,9.664659134301736
2,122.0,20,0,0,1,3,1,0,-0.2570085174284414,-0.20525768667734723,-0.18973698541313824,0.7878646875612274,-0.5697023535927994,2,2,-0.7187171942160148,3,-1.1945205724621306,0.44721570333089167,3.204178695487945,-1.3746314027522974,-0.6655959335418404,1.83904168684821,2.245916419764448,8.958797346140274
2,122.0,20,1,0,1,3,1,0,-0.2570085174284414,-0.20525768667734723,-0.18973698541313824,0.7878646875612274,-0.6702249860110671,2,2,-0.4298824209208983,5,-0.5226027504521822,0.44721570333089167,-0.29222437365766246,-0.4913742894094407,0.27574688675304865,0.28053178273955753,0.48383750265602216,8.984192311641674
2,94.0,20,0,0,0,3,1,0,-0.2570085174284414,-0.20525768667734723,-0.18973698541313824,0.7878646875612274,-0.563902970953284,2,2,-0.7187171942160148,3,-1.1945205724621306,0.44721570333089167,3.204178695487945,-1.3746314027522974,-0.6655959335418404,1.83904168684821,2.245916419764448,8.98669669562029
2,94.0,20,1,0,0,3,1,0,-0.2570085174284414,-0.20525768667734723,-0.18973698541313824,0.7878646875612274,-0.6644256033715517,2,2,-0.4298824209208983,5,-0.5226027504521822,0.44721570333089167,-0.29222437365766246,-0.4913742894094407,0.27574688675304865,0.28053178273955753,0.48383750265602216,9.011401509358791
2,94.0,20,1,0,0,3,1,0,-0.2570085174284414,-0.20525768667734723,-0.18973698541313824,0.7878646875612274,-0.5426385679417274,2,2,-0.4298824209208983,5,-0.5226027504521822,0.44721570333089167,-0.29222437365766246,-0.4913742894094407,0.27574688675304865,0.28053178273955753,0.48383750265602216,9.04735074348172
2,94.0,20,0,1,0,3,1,0,-0.2570085174284414,-0.20525768667734723,-0.18973698541313824,0.7878646875612274,-0.45758095589550085,2,2,-0.7187171942160148,3,-1.1945205724621306,0.44721570333089167,3.204178695487945,-0.9463855296163669,-1.2931578137384332,1.83904168684821,1.658556780728306,9.158625936289503
2,94.0,20,1,0,0,3,1,0,-0.2570085174284414,-0.20525768667734723,-0.18973698541313824,0.7878646875612274,-0.49431037927909866,2,2,-0.4298824209208983,5,-0.5226027504521822,0.44721570333089167,-0.042481297290119055,-0.08989378334450589,0.7987151202502093,0.1246807923286923,0.1901576831379512,9.209940291954844
3,122.0,20,1,0,1,0,1,0,-0.7218818047667064,-1.2120596308225646,-0.8094809076168609,0.7465828071545604,-0.5832342464183354,2,2,-0.4298824209208983,5,-0.5226027504521822,0.44721570333089167,-0.41709591184143413,-0.3575474540544625,0.7987151202502093,-0.18702118849303817,-0.25036204613915525,9.358415490041546
3,256.0,20,1,0,1,2,1,0,-0.7218818047667064,-0.6924199177153565,-0.9048261264174351,-0.987256169925431,-0.6470274554530053,2,2,-0.4298824209208983,5,-0.5226027504521822,0.44721570333089167,-0.41709591184143413,-0.3575474540544625,0.7987151202502093,-0.18702118849303817,-0.25036204613915525,9.208438564686587
0,122.0,20,1,0,0,3,1,0,0.2576726221246397,0.4848888072931659,0.4776795461908748,0.5401734051212282,0.20354866500925967,2,1,0.2199958189931137,5,-0.5226027504521822,0.44721570333089167,-0.41709591184143413,0.17775988736545068,0.7987151202502093,-0.9662761405473643,-0.9845615949343327,9.49521851709523
0,122.0,20,0,1,0,3,1,0,0.2576726221246397,0.4848888072931659,0.4776795461908748,0.5401734051212282,0.04503220619583755,2,2,-0.7187171942160148,3,-1.1945205724621306,0.44721570333089167,3.204178695487945,-0.9463855296163669,-1.2931578137384332,1.215637725204749,1.0711971416921642,9.53575166123797
0,122.0,20,1,0,0,4,1,0,0.2576726221246397,0.7203505522948709,0.4776795461908748,0.5401734051212282,0.014102165451755194,2,2,-0.4298824209208983,5,-0.5226027504521822,0.44721570333089167,-0.29222437365766246,-0.41107818819645375,0.7987151202502093,-0.031170198082172938,0.043317773378915715,9.416622566214981
-2,103.0,21,1,0,0,3,2,0,0.9051747009172223,1.183154671780981,0.6206973743917329,0.9942740895945595,0.6887636791820517,2,2,0.34034364119941224,5,1.6797945550248687,-0.3505116160434673,-0.16735283547389074,0.2848213556494333,0.5895278268513451,-0.3428721789039034,-0.39720195589819074,9.46815584482167
-1,74.0,21,1,0,0,4,2,0,0.9051747009172223,1.183154671780981,0.6206973743917329,1.5309385348812221,0.9246052398556798,2,2,0.34034364119941224,5,1.6797945550248687,-0.3505116160434673,-0.16735283547389074,0.2848213556494333,0.5895278268513451,-0.3428721789039034,-0.39720195589819074,9.504203303503045
-2,103.0,21,1,0,0,3,2,0,0.9051747009172223,1.183154671780981,0.6206973743917329,0.9942740895945595,0.7332256127516701,2,2,0.34034364119941224,5,1.6797945550248687,-0.3505116160434673,-0.16735283547389074,0.2848213556494333,0.5895278268513451,-0.18702118849303817,-0.39720195589819074,9.679468618185965
-1,74.0,21,1,0,0,4,2,0,0.9051747009172223,1.183154671780981,0.6206973743917329,1.5309385348812221,0.9400702602277209,2,2,0.34034364119941224,5,1.6797945550248687,-0.3505116160434673,-0.16735283547389074,0.2848213556494333,0.5895278268513451,-0.18702118849303817,-0.39720195589819074,9.71208488700598
-2,103.0,21,1,1,0,3,2,0,0.9051747009172223,1.183154671780981,0.6206973743917329,0.9942740895945595,0.9458696428672364,2,2,0.07557843234555549,5,1.082534268793805,-0.3505116160434673,-0.6668389882089776,1.5695589750572247,-0.0380340533452477,-1.2779781213690948,-1.2782414144524037,9.821246597152218
-1,74.0,21,1,1,0,4,2,0,0.9051747009172223,1.183154671780981,0.6206973743917329,1.5309385348812221,1.162379928075813,2,2,0.07557843234555549,5,1.082534268793805,-0.3505116160434673,-0.6668389882089776,1.5695589750572247,-0.0380340533452477,-1.2779781213690948,-1.2782414144524037,9.84961197956681
-1,95.0,21,1,0,0,3,2,0,1.7021003363542484,1.183154671780981,1.4311317341966039,0.7053009267478934,0.7660887810422576,2,2,0.34034364119941224,5,1.6797945550248687,-0.3505116160434673,-0.16735283547389074,0.2848213556494333,0.5895278268513451,-0.3428721789039034,-0.39720195589819074,9.73186851887531
-1,95.0,21,1,1,0,3,2,0,1.7021003363542484,1.183154671780981,1.3834591247963135,0.7053009267478934,0.953602153053257,2,2,0.34034364119941224,5,1.6797945550248687,-0.3505116160434673,-0.36714729656792566,1.5160282409152335,0.3803405334524808,-0.9662761405473643,-0.8377216851752972,9.854612384753992
-1,95.0,21,1,0,0,3,2,0,1.7021003363542484,1.183154671780981,1.4311317341966039,0.7053009267478934,0.8820764338325665,4,3,1.1105697033197228,5,0.9332191972360387,-1.2439662137427487,-0.34217298893117093,0.8201286970693464,0.7987151202502093,-1.1221271309582297,-1.131401504693368,9.975156839226488
-1,95.0,21,0,1,0,3,2,0,1.7021003363542484,1.183154671780981,1.4311317341966039,0.7053009267478934,1.2783675808661217,2,3,0.4366218989644511,3,-1.1945205724621306,0.44721570333089167,3.204178695487945,0.07069841908146805,-0.6655959335418404,0.1246807923286923,-0.5440418656572262,10.019980867971933
-1,95.0,21,1,1,0,3,2,0,1.7021003363542484,1.183154671780981,1.4311317341966039,0.7053009267478934,0.9787328111578238,2,2,0.34034364119941224,5,1.6797945550248687,-0.3505116160434673,-0.16735283547389074,0.2848213556494333,0.5895278268513451,-0.9662761405473643,-0.8377216851752972,10.026854966486413
